{
    "exact_match": 0.0,
    "token_precision": 0.09766,
    "token_recall": 1.0,
    "token_f1": 0.17046,
    "entity_precision": 0.25351999999999997,
    "entity_recall": 0.96,
    "entity_f1": 0.36432000000000003,
    "relationship_precision": 0.0,
    "relationship_recall": 0.0,
    "relationship_f1": 0.0
}