{
    "exact_match": 0.0,
    "token_precision": 0.23509230769230768,
    "token_recall": 0.8275615384615385,
    "token_f1": 0.31197692307692304,
    "entity_precision": 0.17395384615384615,
    "entity_recall": 0.8307692307692308,
    "entity_f1": 0.26664615384615387,
    "relationship_precision": 0.006,
    "relationship_recall": 0.38461538461538464,
    "relationship_f1": 0.011815384615384615
}